Year,State,Age Group,Total Blood Donations
2010,Johor,17-24,5347
2010,Johor,25-29,3150
2010,Johor,30-34,2534
2010,Johor,35-39,2075
2010,Johor,40-44,1633
2010,Johor,45-49,1035
2010,Johor,50-54,514
2010,Johor,55-59,164
2010,Johor,60-64,18
2010,Johor,other,204
2010,Kedah,17-24,10714
2010,Kedah,25-29,2503
2010,Kedah,30-34,1683
2010,Kedah,35-39,1379
2010,Kedah,40-44,1178
2010,Kedah,45-49,811
2010,Kedah,50-54,452
2010,Kedah,55-59,200
2010,Kedah,60-64,16
2010,Kedah,other,25
2010,Kelantan,17-24,5145
2010,Kelantan,25-29,617
2010,Kelantan,30-34,465
2010,Kelantan,35-39,416
2010,Kelantan,40-44,321
2010,Kelantan,45-49,232
2010,Kelantan,50-54,128
2010,Kelantan,55-59,48
2010,Kelantan,60-64,4
2010,Kelantan,other,40
2010,Melaka,17-24,6273
2010,Melaka,25-29,1485
2010,Melaka,30-34,985
2010,Melaka,35-39,802
2010,Melaka,40-44,653
2010,Melaka,45-49,481
2010,Melaka,50-54,282
2010,Melaka,55-59,131
2010,Melaka,60-64,16
2010,Melaka,other,9
2010,Negeri Sembilan,17-24,3637
2010,Negeri Sembilan,25-29,838
2010,Negeri Sembilan,30-34,601
2010,Negeri Sembilan,35-39,483
2010,Negeri Sembilan,40-44,283
2010,Negeri Sembilan,45-49,189
2010,Negeri Sembilan,50-54,104
2010,Negeri Sembilan,55-59,45
2010,Negeri Sembilan,60-64,2
2010,Negeri Sembilan,other,0
2010,Pahang,17-24,1051
2010,Pahang,25-29,205
2010,Pahang,30-34,116
2010,Pahang,35-39,92
2010,Pahang,40-44,78
2010,Pahang,45-49,46
2010,Pahang,50-54,15
2010,Pahang,55-59,14
2010,Pahang,60-64,0
2010,Pahang,other,2
2010,Perak,17-24,8346
2010,Perak,25-29,1605
2010,Perak,30-34,1193
2010,Perak,35-39,1023
2010,Perak,40-44,822
2010,Perak,45-49,631
2010,Perak,50-54,319
2010,Perak,55-59,119
2010,Perak,60-64,6
2010,Perak,other,33
2010,Pulau Pinang,17-24,0
2010,Pulau Pinang,25-29,0
2010,Pulau Pinang,30-34,0
2010,Pulau Pinang,35-39,0
2010,Pulau Pinang,40-44,0
2010,Pulau Pinang,45-49,0
2010,Pulau Pinang,50-54,0
2010,Pulau Pinang,55-59,0
2010,Pulau Pinang,60-64,0
2010,Pulau Pinang,other,0
2010,Sabah,17-24,3741
2010,Sabah,25-29,1441
2010,Sabah,30-34,971
2010,Sabah,35-39,635
2010,Sabah,40-44,481
2010,Sabah,45-49,369
2010,Sabah,50-54,191
2010,Sabah,55-59,80
2010,Sabah,60-64,13
2010,Sabah,other,29
2010,Sarawak,17-24,2293
2010,Sarawak,25-29,911
2010,Sarawak,30-34,702
2010,Sarawak,35-39,674
2010,Sarawak,40-44,419
2010,Sarawak,45-49,362
2010,Sarawak,50-54,177
2010,Sarawak,55-59,61
2010,Sarawak,60-64,1
2010,Sarawak,other,5
2010,Selangor,17-24,4349
2010,Selangor,25-29,2200
2010,Selangor,30-34,1690
2010,Selangor,35-39,1277
2010,Selangor,40-44,1122
2010,Selangor,45-49,696
2010,Selangor,50-54,356
2010,Selangor,55-59,138
2010,Selangor,60-64,32
2010,Selangor,other,64
2010,Terengganu,17-24,4520
2010,Terengganu,25-29,650
2010,Terengganu,30-34,399
2010,Terengganu,35-39,255
2010,Terengganu,40-44,209
2010,Terengganu,45-49,143
2010,Terengganu,50-54,66
2010,Terengganu,55-59,18
2010,Terengganu,60-64,1
2010,Terengganu,other,6
2010,W.P. Kuala Lumpur,17-24,27929
2010,W.P. Kuala Lumpur,25-29,11278
2010,W.P. Kuala Lumpur,30-34,7775
2010,W.P. Kuala Lumpur,35-39,5286
2010,W.P. Kuala Lumpur,40-44,3562
2010,W.P. Kuala Lumpur,45-49,2312
2010,W.P. Kuala Lumpur,50-54,1265
2010,W.P. Kuala Lumpur,55-59,429
2010,W.P. Kuala Lumpur,60-64,46
2010,W.P. Kuala Lumpur,other,17
2011,Johor,17-24,4682
2011,Johor,25-29,2618
2011,Johor,30-34,2057
2011,Johor,35-39,1670
2011,Johor,40-44,1270
2011,Johor,45-49,895
2011,Johor,50-54,455
2011,Johor,55-59,156
2011,Johor,60-64,12
2011,Johor,other,99
2011,Kedah,17-24,12906
2011,Kedah,25-29,2385
2011,Kedah,30-34,1569
2011,Kedah,35-39,1370
2011,Kedah,40-44,1120
2011,Kedah,45-49,780
2011,Kedah,50-54,517
2011,Kedah,55-59,182
2011,Kedah,60-64,16
2011,Kedah,other,20
2011,Kelantan,17-24,4108
2011,Kelantan,25-29,541
2011,Kelantan,30-34,313
2011,Kelantan,35-39,294
2011,Kelantan,40-44,242
2011,Kelantan,45-49,168
2011,Kelantan,50-54,103
2011,Kelantan,55-59,56
2011,Kelantan,60-64,4
2011,Kelantan,other,26
2011,Melaka,17-24,6511
2011,Melaka,25-29,1453
2011,Melaka,30-34,968
2011,Melaka,35-39,669
2011,Melaka,40-44,588
2011,Melaka,45-49,434
2011,Melaka,50-54,261
2011,Melaka,55-59,143
2011,Melaka,60-64,14
2011,Melaka,other,42
2011,Negeri Sembilan,17-24,3457
2011,Negeri Sembilan,25-29,811
2011,Negeri Sembilan,30-34,590
2011,Negeri Sembilan,35-39,435
2011,Negeri Sembilan,40-44,326
2011,Negeri Sembilan,45-49,189
2011,Negeri Sembilan,50-54,95
2011,Negeri Sembilan,55-59,50
2011,Negeri Sembilan,60-64,2
2011,Negeri Sembilan,other,1
2011,Pahang,17-24,2266
2011,Pahang,25-29,598
2011,Pahang,30-34,487
2011,Pahang,35-39,408
2011,Pahang,40-44,352
2011,Pahang,45-49,340
2011,Pahang,50-54,224
2011,Pahang,55-59,105
2011,Pahang,60-64,9
2011,Pahang,other,6
2011,Perak,17-24,8846
2011,Perak,25-29,1558
2011,Perak,30-34,1086
2011,Perak,35-39,892
2011,Perak,40-44,747
2011,Perak,45-49,506
2011,Perak,50-54,336
2011,Perak,55-59,105
2011,Perak,60-64,9
2011,Perak,other,24
2011,Pulau Pinang,17-24,0
2011,Pulau Pinang,25-29,0
2011,Pulau Pinang,30-34,0
2011,Pulau Pinang,35-39,0
2011,Pulau Pinang,40-44,0
2011,Pulau Pinang,45-49,0
2011,Pulau Pinang,50-54,0
2011,Pulau Pinang,55-59,0
2011,Pulau Pinang,60-64,0
2011,Pulau Pinang,other,0
2011,Sabah,17-24,4388
2011,Sabah,25-29,1430
2011,Sabah,30-34,899
2011,Sabah,35-39,563
2011,Sabah,40-44,491
2011,Sabah,45-49,382
2011,Sabah,50-54,213
2011,Sabah,55-59,96
2011,Sabah,60-64,6
2011,Sabah,other,47
2011,Sarawak,17-24,2028
2011,Sarawak,25-29,720
2011,Sarawak,30-34,523
2011,Sarawak,35-39,448
2011,Sarawak,40-44,358
2011,Sarawak,45-49,249
2011,Sarawak,50-54,119
2011,Sarawak,55-59,62
2011,Sarawak,60-64,2
2011,Sarawak,other,3
2011,Selangor,17-24,4987
2011,Selangor,25-29,1938
2011,Selangor,30-34,1448
2011,Selangor,35-39,1227
2011,Selangor,40-44,972
2011,Selangor,45-49,633
2011,Selangor,50-54,362
2011,Selangor,55-59,136
2011,Selangor,60-64,10
2011,Selangor,other,17
2011,Terengganu,17-24,4986
2011,Terengganu,25-29,601
2011,Terengganu,30-34,326
2011,Terengganu,35-39,199
2011,Terengganu,40-44,169
2011,Terengganu,45-49,133
2011,Terengganu,50-54,83
2011,Terengganu,55-59,20
2011,Terengganu,60-64,6
2011,Terengganu,other,4
2011,W.P. Kuala Lumpur,17-24,27718
2011,W.P. Kuala Lumpur,25-29,11080
2011,W.P. Kuala Lumpur,30-34,7243
2011,W.P. Kuala Lumpur,35-39,4992
2011,W.P. Kuala Lumpur,40-44,3351
2011,W.P. Kuala Lumpur,45-49,2097
2011,W.P. Kuala Lumpur,50-54,1176
2011,W.P. Kuala Lumpur,55-59,446
2011,W.P. Kuala Lumpur,60-64,28
2011,W.P. Kuala Lumpur,other,21
2012,Johor,17-24,4679
2012,Johor,25-29,2358
2012,Johor,30-34,1827
2012,Johor,35-39,1421
2012,Johor,40-44,1167
2012,Johor,45-49,712
2012,Johor,50-54,458
2012,Johor,55-59,178
2012,Johor,60-64,29
2012,Johor,other,87
2012,Kedah,17-24,11374
2012,Kedah,25-29,2268
2012,Kedah,30-34,1738
2012,Kedah,35-39,1422
2012,Kedah,40-44,1190
2012,Kedah,45-49,791
2012,Kedah,50-54,504
2012,Kedah,55-59,197
2012,Kedah,60-64,21
2012,Kedah,other,13
2012,Kelantan,17-24,2466
2012,Kelantan,25-29,543
2012,Kelantan,30-34,333
2012,Kelantan,35-39,263
2012,Kelantan,40-44,228
2012,Kelantan,45-49,174
2012,Kelantan,50-54,126
2012,Kelantan,55-59,56
2012,Kelantan,60-64,4
2012,Kelantan,other,11
2012,Melaka,17-24,6156
2012,Melaka,25-29,1213
2012,Melaka,30-34,1002
2012,Melaka,35-39,750
2012,Melaka,40-44,600
2012,Melaka,45-49,451
2012,Melaka,50-54,314
2012,Melaka,55-59,131
2012,Melaka,60-64,10
2012,Melaka,other,27
2012,Negeri Sembilan,17-24,3122
2012,Negeri Sembilan,25-29,793
2012,Negeri Sembilan,30-34,600
2012,Negeri Sembilan,35-39,444
2012,Negeri Sembilan,40-44,314
2012,Negeri Sembilan,45-49,211
2012,Negeri Sembilan,50-54,109
2012,Negeri Sembilan,55-59,50
2012,Negeri Sembilan,60-64,6
2012,Negeri Sembilan,other,7
2012,Pahang,17-24,3911
2012,Pahang,25-29,834
2012,Pahang,30-34,675
2012,Pahang,35-39,524
2012,Pahang,40-44,490
2012,Pahang,45-49,379
2012,Pahang,50-54,268
2012,Pahang,55-59,120
2012,Pahang,60-64,6
2012,Pahang,other,2
2012,Perak,17-24,8848
2012,Perak,25-29,1446
2012,Perak,30-34,1111
2012,Perak,35-39,871
2012,Perak,40-44,747
2012,Perak,45-49,545
2012,Perak,50-54,343
2012,Perak,55-59,133
2012,Perak,60-64,8
2012,Perak,other,44
2012,Pulau Pinang,17-24,0
2012,Pulau Pinang,25-29,0
2012,Pulau Pinang,30-34,0
2012,Pulau Pinang,35-39,0
2012,Pulau Pinang,40-44,0
2012,Pulau Pinang,45-49,0
2012,Pulau Pinang,50-54,0
2012,Pulau Pinang,55-59,0
2012,Pulau Pinang,60-64,0
2012,Pulau Pinang,other,0
2012,Sabah,17-24,4206
2012,Sabah,25-29,1567
2012,Sabah,30-34,975
2012,Sabah,35-39,684
2012,Sabah,40-44,473
2012,Sabah,45-49,342
2012,Sabah,50-54,219
2012,Sabah,55-59,81
2012,Sabah,60-64,12
2012,Sabah,other,48
2012,Sarawak,17-24,1714
2012,Sarawak,25-29,720
2012,Sarawak,30-34,576
2012,Sarawak,35-39,444
2012,Sarawak,40-44,376
2012,Sarawak,45-49,236
2012,Sarawak,50-54,162
2012,Sarawak,55-59,63
2012,Sarawak,60-64,4
2012,Sarawak,other,4
2012,Selangor,17-24,3862
2012,Selangor,25-29,1670
2012,Selangor,30-34,1367
2012,Selangor,35-39,1063
2012,Selangor,40-44,813
2012,Selangor,45-49,550
2012,Selangor,50-54,318
2012,Selangor,55-59,115
2012,Selangor,60-64,13
2012,Selangor,other,17
2012,Terengganu,17-24,4607
2012,Terengganu,25-29,626
2012,Terengganu,30-34,335
2012,Terengganu,35-39,198
2012,Terengganu,40-44,151
2012,Terengganu,45-49,107
2012,Terengganu,50-54,52
2012,Terengganu,55-59,12
2012,Terengganu,60-64,0
2012,Terengganu,other,14
2012,W.P. Kuala Lumpur,17-24,25836
2012,W.P. Kuala Lumpur,25-29,9683
2012,W.P. Kuala Lumpur,30-34,6779
2012,W.P. Kuala Lumpur,35-39,4545
2012,W.P. Kuala Lumpur,40-44,3105
2012,W.P. Kuala Lumpur,45-49,2099
2012,W.P. Kuala Lumpur,50-54,1171
2012,W.P. Kuala Lumpur,55-59,476
2012,W.P. Kuala Lumpur,60-64,31
2012,W.P. Kuala Lumpur,other,6
2013,Johor,17-24,4602
2013,Johor,25-29,2101
2013,Johor,30-34,1798
2013,Johor,35-39,1383
2013,Johor,40-44,1009
2013,Johor,45-49,674
2013,Johor,50-54,405
2013,Johor,55-59,148
2013,Johor,60-64,10
2013,Johor,other,39
2013,Kedah,17-24,11576
2013,Kedah,25-29,2237
2013,Kedah,30-34,1808
2013,Kedah,35-39,1373
2013,Kedah,40-44,1016
2013,Kedah,45-49,682
2013,Kedah,50-54,414
2013,Kedah,55-59,161
2013,Kedah,60-64,21
2013,Kedah,other,11
2013,Kelantan,17-24,3160
2013,Kelantan,25-29,545
2013,Kelantan,30-34,410
2013,Kelantan,35-39,300
2013,Kelantan,40-44,239
2013,Kelantan,45-49,177
2013,Kelantan,50-54,90
2013,Kelantan,55-59,36
2013,Kelantan,60-64,2
2013,Kelantan,other,9
2013,Melaka,17-24,6768
2013,Melaka,25-29,1366
2013,Melaka,30-34,958
2013,Melaka,35-39,700
2013,Melaka,40-44,602
2013,Melaka,45-49,390
2013,Melaka,50-54,259
2013,Melaka,55-59,111
2013,Melaka,60-64,9
2013,Melaka,other,14
2013,Negeri Sembilan,17-24,3857
2013,Negeri Sembilan,25-29,809
2013,Negeri Sembilan,30-34,592
2013,Negeri Sembilan,35-39,423
2013,Negeri Sembilan,40-44,283
2013,Negeri Sembilan,45-49,215
2013,Negeri Sembilan,50-54,126
2013,Negeri Sembilan,55-59,47
2013,Negeri Sembilan,60-64,4
2013,Negeri Sembilan,other,3
2013,Pahang,17-24,3014
2013,Pahang,25-29,615
2013,Pahang,30-34,512
2013,Pahang,35-39,405
2013,Pahang,40-44,329
2013,Pahang,45-49,265
2013,Pahang,50-54,179
2013,Pahang,55-59,67
2013,Pahang,60-64,6
2013,Pahang,other,5
2013,Perak,17-24,9747
2013,Perak,25-29,2104
2013,Perak,30-34,1513
2013,Perak,35-39,1174
2013,Perak,40-44,1118
2013,Perak,45-49,780
2013,Perak,50-54,541
2013,Perak,55-59,224
2013,Perak,60-64,31
2013,Perak,other,55
2013,Pulau Pinang,17-24,0
2013,Pulau Pinang,25-29,0
2013,Pulau Pinang,30-34,0
2013,Pulau Pinang,35-39,0
2013,Pulau Pinang,40-44,0
2013,Pulau Pinang,45-49,0
2013,Pulau Pinang,50-54,0
2013,Pulau Pinang,55-59,0
2013,Pulau Pinang,60-64,0
2013,Pulau Pinang,other,0
2013,Sabah,17-24,3916
2013,Sabah,25-29,1477
2013,Sabah,30-34,1091
2013,Sabah,35-39,782
2013,Sabah,40-44,554
2013,Sabah,45-49,401
2013,Sabah,50-54,270
2013,Sabah,55-59,111
2013,Sabah,60-64,14
2013,Sabah,other,31
2013,Sarawak,17-24,1946
2013,Sarawak,25-29,827
2013,Sarawak,30-34,607
2013,Sarawak,35-39,556
2013,Sarawak,40-44,472
2013,Sarawak,45-49,325
2013,Sarawak,50-54,189
2013,Sarawak,55-59,98
2013,Sarawak,60-64,6
2013,Sarawak,other,4
2013,Selangor,17-24,3666
2013,Selangor,25-29,1393
2013,Selangor,30-34,1078
2013,Selangor,35-39,857
2013,Selangor,40-44,604
2013,Selangor,45-49,456
2013,Selangor,50-54,237
2013,Selangor,55-59,107
2013,Selangor,60-64,4
2013,Selangor,other,13
2013,Terengganu,17-24,4536
2013,Terengganu,25-29,537
2013,Terengganu,30-34,303
2013,Terengganu,35-39,190
2013,Terengganu,40-44,151
2013,Terengganu,45-49,103
2013,Terengganu,50-54,49
2013,Terengganu,55-59,15
2013,Terengganu,60-64,0
2013,Terengganu,other,2
2013,W.P. Kuala Lumpur,17-24,23292
2013,W.P. Kuala Lumpur,25-29,9776
2013,W.P. Kuala Lumpur,30-34,6995
2013,W.P. Kuala Lumpur,35-39,4823
2013,W.P. Kuala Lumpur,40-44,3171
2013,W.P. Kuala Lumpur,45-49,2039
2013,W.P. Kuala Lumpur,50-54,1231
2013,W.P. Kuala Lumpur,55-59,498
2013,W.P. Kuala Lumpur,60-64,27
2013,W.P. Kuala Lumpur,other,6
2014,Johor,17-24,4944
2014,Johor,25-29,2161
2014,Johor,30-34,1814
2014,Johor,35-39,1448
2014,Johor,40-44,1117
2014,Johor,45-49,681
2014,Johor,50-54,432
2014,Johor,55-59,202
2014,Johor,60-64,28
2014,Johor,other,38
2014,Kedah,17-24,11804
2014,Kedah,25-29,2318
2014,Kedah,30-34,1752
2014,Kedah,35-39,1255
2014,Kedah,40-44,990
2014,Kedah,45-49,660
2014,Kedah,50-54,442
2014,Kedah,55-59,172
2014,Kedah,60-64,14
2014,Kedah,other,16
2014,Kelantan,17-24,2991
2014,Kelantan,25-29,588
2014,Kelantan,30-34,420
2014,Kelantan,35-39,309
2014,Kelantan,40-44,277
2014,Kelantan,45-49,168
2014,Kelantan,50-54,113
2014,Kelantan,55-59,36
2014,Kelantan,60-64,8
2014,Kelantan,other,2
2014,Melaka,17-24,6309
2014,Melaka,25-29,1115
2014,Melaka,30-34,845
2014,Melaka,35-39,706
2014,Melaka,40-44,530
2014,Melaka,45-49,382
2014,Melaka,50-54,244
2014,Melaka,55-59,125
2014,Melaka,60-64,11
2014,Melaka,other,10
2014,Negeri Sembilan,17-24,2767
2014,Negeri Sembilan,25-29,608
2014,Negeri Sembilan,30-34,594
2014,Negeri Sembilan,35-39,405
2014,Negeri Sembilan,40-44,324
2014,Negeri Sembilan,45-49,235
2014,Negeri Sembilan,50-54,149
2014,Negeri Sembilan,55-59,67
2014,Negeri Sembilan,60-64,6
2014,Negeri Sembilan,other,6
2014,Pahang,17-24,3510
2014,Pahang,25-29,508
2014,Pahang,30-34,474
2014,Pahang,35-39,309
2014,Pahang,40-44,235
2014,Pahang,45-49,169
2014,Pahang,50-54,138
2014,Pahang,55-59,74
2014,Pahang,60-64,2
2014,Pahang,other,2
2014,Perak,17-24,8913
2014,Perak,25-29,1749
2014,Perak,30-34,1488
2014,Perak,35-39,1112
2014,Perak,40-44,842
2014,Perak,45-49,554
2014,Perak,50-54,398
2014,Perak,55-59,163
2014,Perak,60-64,13
2014,Perak,other,64
2014,Pulau Pinang,17-24,4779
2014,Pulau Pinang,25-29,2714
2014,Pulau Pinang,30-34,3018
2014,Pulau Pinang,35-39,2727
2014,Pulau Pinang,40-44,2241
2014,Pulau Pinang,45-49,1690
2014,Pulau Pinang,50-54,827
2014,Pulau Pinang,55-59,306
2014,Pulau Pinang,60-64,66
2014,Pulau Pinang,other,8
2014,Sabah,17-24,3442
2014,Sabah,25-29,1468
2014,Sabah,30-34,1078
2014,Sabah,35-39,834
2014,Sabah,40-44,576
2014,Sabah,45-49,373
2014,Sabah,50-54,285
2014,Sabah,55-59,111
2014,Sabah,60-64,13
2014,Sabah,other,27
2014,Sarawak,17-24,3298
2014,Sarawak,25-29,1740
2014,Sarawak,30-34,1272
2014,Sarawak,35-39,1214
2014,Sarawak,40-44,989
2014,Sarawak,45-49,774
2014,Sarawak,50-54,544
2014,Sarawak,55-59,257
2014,Sarawak,60-64,25
2014,Sarawak,other,3
2014,Selangor,17-24,3987
2014,Selangor,25-29,1357
2014,Selangor,30-34,1104
2014,Selangor,35-39,852
2014,Selangor,40-44,673
2014,Selangor,45-49,450
2014,Selangor,50-54,208
2014,Selangor,55-59,110
2014,Selangor,60-64,6
2014,Selangor,other,13
2014,Terengganu,17-24,4769
2014,Terengganu,25-29,488
2014,Terengganu,30-34,321
2014,Terengganu,35-39,163
2014,Terengganu,40-44,119
2014,Terengganu,45-49,79
2014,Terengganu,50-54,48
2014,Terengganu,55-59,16
2014,Terengganu,60-64,1
2014,Terengganu,other,2
2014,W.P. Kuala Lumpur,17-24,25972
2014,W.P. Kuala Lumpur,25-29,9200
2014,W.P. Kuala Lumpur,30-34,6994
2014,W.P. Kuala Lumpur,35-39,5034
2014,W.P. Kuala Lumpur,40-44,3183
2014,W.P. Kuala Lumpur,45-49,2090
2014,W.P. Kuala Lumpur,50-54,1243
2014,W.P. Kuala Lumpur,55-59,503
2014,W.P. Kuala Lumpur,60-64,27
2014,W.P. Kuala Lumpur,other,6
2015,Johor,17-24,5112
2015,Johor,25-29,2106
2015,Johor,30-34,1872
2015,Johor,35-39,1445
2015,Johor,40-44,1017
2015,Johor,45-49,679
2015,Johor,50-54,402
2015,Johor,55-59,175
2015,Johor,60-64,31
2015,Johor,other,66
2015,Kedah,17-24,11522
2015,Kedah,25-29,2323
2015,Kedah,30-34,1830
2015,Kedah,35-39,1373
2015,Kedah,40-44,1049
2015,Kedah,45-49,708
2015,Kedah,50-54,508
2015,Kedah,55-59,217
2015,Kedah,60-64,16
2015,Kedah,other,14
2015,Kelantan,17-24,5353
2015,Kelantan,25-29,852
2015,Kelantan,30-34,652
2015,Kelantan,35-39,475
2015,Kelantan,40-44,410
2015,Kelantan,45-49,294
2015,Kelantan,50-54,152
2015,Kelantan,55-59,96
2015,Kelantan,60-64,8
2015,Kelantan,other,1
2015,Melaka,17-24,5811
2015,Melaka,25-29,1275
2015,Melaka,30-34,1037
2015,Melaka,35-39,749
2015,Melaka,40-44,581
2015,Melaka,45-49,440
2015,Melaka,50-54,276
2015,Melaka,55-59,147
2015,Melaka,60-64,13
2015,Melaka,other,11
2015,Negeri Sembilan,17-24,3418
2015,Negeri Sembilan,25-29,754
2015,Negeri Sembilan,30-34,647
2015,Negeri Sembilan,35-39,486
2015,Negeri Sembilan,40-44,380
2015,Negeri Sembilan,45-49,313
2015,Negeri Sembilan,50-54,215
2015,Negeri Sembilan,55-59,92
2015,Negeri Sembilan,60-64,19
2015,Negeri Sembilan,other,2
2015,Pahang,17-24,3169
2015,Pahang,25-29,494
2015,Pahang,30-34,467
2015,Pahang,35-39,292
2015,Pahang,40-44,243
2015,Pahang,45-49,218
2015,Pahang,50-54,180
2015,Pahang,55-59,67
2015,Pahang,60-64,14
2015,Pahang,other,1
2015,Perak,17-24,8821
2015,Perak,25-29,1661
2015,Perak,30-34,1418
2015,Perak,35-39,1090
2015,Perak,40-44,809
2015,Perak,45-49,527
2015,Perak,50-54,390
2015,Perak,55-59,174
2015,Perak,60-64,22
2015,Perak,other,25
2015,Pulau Pinang,17-24,6196
2015,Pulau Pinang,25-29,2684
2015,Pulau Pinang,30-34,2687
2015,Pulau Pinang,35-39,2360
2015,Pulau Pinang,40-44,1758
2015,Pulau Pinang,45-49,1217
2015,Pulau Pinang,50-54,403
2015,Pulau Pinang,55-59,96
2015,Pulau Pinang,60-64,7
2015,Pulau Pinang,other,9
2015,Sabah,17-24,3518
2015,Sabah,25-29,1477
2015,Sabah,30-34,1147
2015,Sabah,35-39,830
2015,Sabah,40-44,552
2015,Sabah,45-49,412
2015,Sabah,50-54,240
2015,Sabah,55-59,112
2015,Sabah,60-64,13
2015,Sabah,other,21
2015,Sarawak,17-24,4274
2015,Sarawak,25-29,1837
2015,Sarawak,30-34,1598
2015,Sarawak,35-39,1356
2015,Sarawak,40-44,1100
2015,Sarawak,45-49,903
2015,Sarawak,50-54,609
2015,Sarawak,55-59,298
2015,Sarawak,60-64,24
2015,Sarawak,other,0
2015,Selangor,17-24,3692
2015,Selangor,25-29,1354
2015,Selangor,30-34,1112
2015,Selangor,35-39,906
2015,Selangor,40-44,602
2015,Selangor,45-49,461
2015,Selangor,50-54,245
2015,Selangor,55-59,110
2015,Selangor,60-64,5
2015,Selangor,other,1
2015,Terengganu,17-24,4530
2015,Terengganu,25-29,596
2015,Terengganu,30-34,393
2015,Terengganu,35-39,254
2015,Terengganu,40-44,188
2015,Terengganu,45-49,134
2015,Terengganu,50-54,100
2015,Terengganu,55-59,53
2015,Terengganu,60-64,2
2015,Terengganu,other,2
2015,W.P. Kuala Lumpur,17-24,24001
2015,W.P. Kuala Lumpur,25-29,9298
2015,W.P. Kuala Lumpur,30-34,7256
2015,W.P. Kuala Lumpur,35-39,5179
2015,W.P. Kuala Lumpur,40-44,3367
2015,W.P. Kuala Lumpur,45-49,2153
2015,W.P. Kuala Lumpur,50-54,1298
2015,W.P. Kuala Lumpur,55-59,584
2015,W.P. Kuala Lumpur,60-64,47
2015,W.P. Kuala Lumpur,other,4
2016,Johor,17-24,4305
2016,Johor,25-29,1584
2016,Johor,30-34,1456
2016,Johor,35-39,1092
2016,Johor,40-44,854
2016,Johor,45-49,558
2016,Johor,50-54,350
2016,Johor,55-59,153
2016,Johor,60-64,26
2016,Johor,other,11
2016,Kedah,17-24,9804
2016,Kedah,25-29,2211
2016,Kedah,30-34,1734
2016,Kedah,35-39,1288
2016,Kedah,40-44,997
2016,Kedah,45-49,652
2016,Kedah,50-54,444
2016,Kedah,55-59,209
2016,Kedah,60-64,23
2016,Kedah,other,7
2016,Kelantan,17-24,4267
2016,Kelantan,25-29,753
2016,Kelantan,30-34,572
2016,Kelantan,35-39,448
2016,Kelantan,40-44,375
2016,Kelantan,45-49,258
2016,Kelantan,50-54,176
2016,Kelantan,55-59,87
2016,Kelantan,60-64,11
2016,Kelantan,other,3
2016,Melaka,17-24,5712
2016,Melaka,25-29,1149
2016,Melaka,30-34,942
2016,Melaka,35-39,678
2016,Melaka,40-44,506
2016,Melaka,45-49,383
2016,Melaka,50-54,261
2016,Melaka,55-59,133
2016,Melaka,60-64,18
2016,Melaka,other,5
2016,Negeri Sembilan,17-24,2845
2016,Negeri Sembilan,25-29,794
2016,Negeri Sembilan,30-34,694
2016,Negeri Sembilan,35-39,533
2016,Negeri Sembilan,40-44,435
2016,Negeri Sembilan,45-49,273
2016,Negeri Sembilan,50-54,244
2016,Negeri Sembilan,55-59,100
2016,Negeri Sembilan,60-64,15
2016,Negeri Sembilan,other,4
2016,Pahang,17-24,2501
2016,Pahang,25-29,411
2016,Pahang,30-34,383
2016,Pahang,35-39,321
2016,Pahang,40-44,224
2016,Pahang,45-49,167
2016,Pahang,50-54,128
2016,Pahang,55-59,53
2016,Pahang,60-64,2
2016,Pahang,other,5
2016,Perak,17-24,8522
2016,Perak,25-29,1687
2016,Perak,30-34,1526
2016,Perak,35-39,1049
2016,Perak,40-44,789
2016,Perak,45-49,607
2016,Perak,50-54,392
2016,Perak,55-59,186
2016,Perak,60-64,17
2016,Perak,other,12
2016,Pulau Pinang,17-24,5280
2016,Pulau Pinang,25-29,2252
2016,Pulau Pinang,30-34,2189
2016,Pulau Pinang,35-39,1878
2016,Pulau Pinang,40-44,1308
2016,Pulau Pinang,45-49,892
2016,Pulau Pinang,50-54,386
2016,Pulau Pinang,55-59,134
2016,Pulau Pinang,60-64,7
2016,Pulau Pinang,other,7
2016,Sabah,17-24,4061
2016,Sabah,25-29,1840
2016,Sabah,30-34,1636
2016,Sabah,35-39,1409
2016,Sabah,40-44,1058
2016,Sabah,45-49,737
2016,Sabah,50-54,545
2016,Sabah,55-59,293
2016,Sabah,60-64,24
2016,Sabah,other,12
2016,Sarawak,17-24,3503
2016,Sarawak,25-29,1529
2016,Sarawak,30-34,1204
2016,Sarawak,35-39,965
2016,Sarawak,40-44,691
2016,Sarawak,45-49,506
2016,Sarawak,50-54,329
2016,Sarawak,55-59,169
2016,Sarawak,60-64,17
2016,Sarawak,other,1
2016,Selangor,17-24,3654
2016,Selangor,25-29,1282
2016,Selangor,30-34,1099
2016,Selangor,35-39,895
2016,Selangor,40-44,603
2016,Selangor,45-49,414
2016,Selangor,50-54,223
2016,Selangor,55-59,108
2016,Selangor,60-64,10
2016,Selangor,other,3
2016,Terengganu,17-24,4522
2016,Terengganu,25-29,480
2016,Terengganu,30-34,379
2016,Terengganu,35-39,281
2016,Terengganu,40-44,173
2016,Terengganu,45-49,137
2016,Terengganu,50-54,69
2016,Terengganu,55-59,43
2016,Terengganu,60-64,3
2016,Terengganu,other,4
2016,W.P. Kuala Lumpur,17-24,24316
2016,W.P. Kuala Lumpur,25-29,8537
2016,W.P. Kuala Lumpur,30-34,6577
2016,W.P. Kuala Lumpur,35-39,4809
2016,W.P. Kuala Lumpur,40-44,3175
2016,W.P. Kuala Lumpur,45-49,1959
2016,W.P. Kuala Lumpur,50-54,1140
2016,W.P. Kuala Lumpur,55-59,534
2016,W.P. Kuala Lumpur,60-64,36
2016,W.P. Kuala Lumpur,other,3
2017,Johor,17-24,4933
2017,Johor,25-29,1869
2017,Johor,30-34,1504
2017,Johor,35-39,1266
2017,Johor,40-44,931
2017,Johor,45-49,639
2017,Johor,50-54,401
2017,Johor,55-59,211
2017,Johor,60-64,28
2017,Johor,other,7
2017,Kedah,17-24,10007
2017,Kedah,25-29,2086
2017,Kedah,30-34,1700
2017,Kedah,35-39,1361
2017,Kedah,40-44,943
2017,Kedah,45-49,619
2017,Kedah,50-54,415
2017,Kedah,55-59,210
2017,Kedah,60-64,14
2017,Kedah,other,10
2017,Kelantan,17-24,2
2017,Kelantan,25-29,1
2017,Kelantan,30-34,2
2017,Kelantan,35-39,1
2017,Kelantan,40-44,0
2017,Kelantan,45-49,1
2017,Kelantan,50-54,0
2017,Kelantan,55-59,0
2017,Kelantan,60-64,0
2017,Kelantan,other,0
2017,Melaka,17-24,5334
2017,Melaka,25-29,1150
2017,Melaka,30-34,884
2017,Melaka,35-39,730
2017,Melaka,40-44,522
2017,Melaka,45-49,370
2017,Melaka,50-54,262
2017,Melaka,55-59,122
2017,Melaka,60-64,11
2017,Melaka,other,2
2017,Negeri Sembilan,17-24,2459
2017,Negeri Sembilan,25-29,713
2017,Negeri Sembilan,30-34,568
2017,Negeri Sembilan,35-39,553
2017,Negeri Sembilan,40-44,429
2017,Negeri Sembilan,45-49,304
2017,Negeri Sembilan,50-54,205
2017,Negeri Sembilan,55-59,116
2017,Negeri Sembilan,60-64,15
2017,Negeri Sembilan,other,5
2017,Pahang,17-24,2021
2017,Pahang,25-29,347
2017,Pahang,30-34,345
2017,Pahang,35-39,280
2017,Pahang,40-44,198
2017,Pahang,45-49,162
2017,Pahang,50-54,111
2017,Pahang,55-59,46
2017,Pahang,60-64,6
2017,Pahang,other,1
2017,Perak,17-24,7991
2017,Perak,25-29,1504
2017,Perak,30-34,1302
2017,Perak,35-39,1104
2017,Perak,40-44,787
2017,Perak,45-49,617
2017,Perak,50-54,390
2017,Perak,55-59,204
2017,Perak,60-64,18
2017,Perak,other,43
2017,Pulau Pinang,17-24,5135
2017,Pulau Pinang,25-29,1854
2017,Pulau Pinang,30-34,1570
2017,Pulau Pinang,35-39,1414
2017,Pulau Pinang,40-44,1037
2017,Pulau Pinang,45-49,695
2017,Pulau Pinang,50-54,288
2017,Pulau Pinang,55-59,97
2017,Pulau Pinang,60-64,4
2017,Pulau Pinang,other,13
2017,Sabah,17-24,4642
2017,Sabah,25-29,2012
2017,Sabah,30-34,1725
2017,Sabah,35-39,1392
2017,Sabah,40-44,986
2017,Sabah,45-49,705
2017,Sabah,50-54,493
2017,Sabah,55-59,266
2017,Sabah,60-64,22
2017,Sabah,other,10
2017,Sarawak,17-24,3337
2017,Sarawak,25-29,1370
2017,Sarawak,30-34,1038
2017,Sarawak,35-39,884
2017,Sarawak,40-44,686
2017,Sarawak,45-49,483
2017,Sarawak,50-54,307
2017,Sarawak,55-59,160
2017,Sarawak,60-64,18
2017,Sarawak,other,3
2017,Selangor,17-24,3621
2017,Selangor,25-29,1308
2017,Selangor,30-34,1091
2017,Selangor,35-39,946
2017,Selangor,40-44,591
2017,Selangor,45-49,407
2017,Selangor,50-54,234
2017,Selangor,55-59,103
2017,Selangor,60-64,7
2017,Selangor,other,7
2017,Terengganu,17-24,3854
2017,Terengganu,25-29,579
2017,Terengganu,30-34,423
2017,Terengganu,35-39,335
2017,Terengganu,40-44,210
2017,Terengganu,45-49,175
2017,Terengganu,50-54,109
2017,Terengganu,55-59,63
2017,Terengganu,60-64,3
2017,Terengganu,other,5
2017,W.P. Kuala Lumpur,17-24,22479
2017,W.P. Kuala Lumpur,25-29,7867
2017,W.P. Kuala Lumpur,30-34,6403
2017,W.P. Kuala Lumpur,35-39,4993
2017,W.P. Kuala Lumpur,40-44,3298
2017,W.P. Kuala Lumpur,45-49,1985
2017,W.P. Kuala Lumpur,50-54,1191
2017,W.P. Kuala Lumpur,55-59,567
2017,W.P. Kuala Lumpur,60-64,44
2017,W.P. Kuala Lumpur,other,6
2018,Johor,17-24,4431
2018,Johor,25-29,1889
2018,Johor,30-34,1642
2018,Johor,35-39,1403
2018,Johor,40-44,1051
2018,Johor,45-49,712
2018,Johor,50-54,443
2018,Johor,55-59,217
2018,Johor,60-64,29
2018,Johor,other,45
2018,Kedah,17-24,9471
2018,Kedah,25-29,1917
2018,Kedah,30-34,1794
2018,Kedah,35-39,1449
2018,Kedah,40-44,976
2018,Kedah,45-49,676
2018,Kedah,50-54,436
2018,Kedah,55-59,209
2018,Kedah,60-64,22
2018,Kedah,other,5
2018,Kelantan,17-24,4605
2018,Kelantan,25-29,678
2018,Kelantan,30-34,566
2018,Kelantan,35-39,490
2018,Kelantan,40-44,348
2018,Kelantan,45-49,241
2018,Kelantan,50-54,176
2018,Kelantan,55-59,78
2018,Kelantan,60-64,7
2018,Kelantan,other,1
2018,Melaka,17-24,4648
2018,Melaka,25-29,1121
2018,Melaka,30-34,843
2018,Melaka,35-39,798
2018,Melaka,40-44,511
2018,Melaka,45-49,356
2018,Melaka,50-54,230
2018,Melaka,55-59,124
2018,Melaka,60-64,9
2018,Melaka,other,15
2018,Negeri Sembilan,17-24,2493
2018,Negeri Sembilan,25-29,595
2018,Negeri Sembilan,30-34,484
2018,Negeri Sembilan,35-39,459
2018,Negeri Sembilan,40-44,333
2018,Negeri Sembilan,45-49,243
2018,Negeri Sembilan,50-54,153
2018,Negeri Sembilan,55-59,78
2018,Negeri Sembilan,60-64,10
2018,Negeri Sembilan,other,16
2018,Pahang,17-24,1089
2018,Pahang,25-29,316
2018,Pahang,30-34,246
2018,Pahang,35-39,231
2018,Pahang,40-44,177
2018,Pahang,45-49,132
2018,Pahang,50-54,103
2018,Pahang,55-59,41
2018,Pahang,60-64,7
2018,Pahang,other,0
2018,Perak,17-24,7609
2018,Perak,25-29,1500
2018,Perak,30-34,1431
2018,Perak,35-39,1279
2018,Perak,40-44,882
2018,Perak,45-49,633
2018,Perak,50-54,425
2018,Perak,55-59,203
2018,Perak,60-64,17
2018,Perak,other,16
2018,Pulau Pinang,17-24,4695
2018,Pulau Pinang,25-29,1731
2018,Pulau Pinang,30-34,1580
2018,Pulau Pinang,35-39,1463
2018,Pulau Pinang,40-44,1035
2018,Pulau Pinang,45-49,700
2018,Pulau Pinang,50-54,285
2018,Pulau Pinang,55-59,100
2018,Pulau Pinang,60-64,7
2018,Pulau Pinang,other,6
2018,Sabah,17-24,3928
2018,Sabah,25-29,1784
2018,Sabah,30-34,1585
2018,Sabah,35-39,1358
2018,Sabah,40-44,963
2018,Sabah,45-49,679
2018,Sabah,50-54,432
2018,Sabah,55-59,246
2018,Sabah,60-64,18
2018,Sabah,other,15
2018,Sarawak,17-24,3311
2018,Sarawak,25-29,1398
2018,Sarawak,30-34,1089
2018,Sarawak,35-39,899
2018,Sarawak,40-44,696
2018,Sarawak,45-49,561
2018,Sarawak,50-54,320
2018,Sarawak,55-59,161
2018,Sarawak,60-64,20
2018,Sarawak,other,5
2018,Selangor,17-24,3452
2018,Selangor,25-29,1233
2018,Selangor,30-34,1034
2018,Selangor,35-39,925
2018,Selangor,40-44,607
2018,Selangor,45-49,456
2018,Selangor,50-54,231
2018,Selangor,55-59,87
2018,Selangor,60-64,4
2018,Selangor,other,18
2018,Terengganu,17-24,4483
2018,Terengganu,25-29,618
2018,Terengganu,30-34,450
2018,Terengganu,35-39,401
2018,Terengganu,40-44,279
2018,Terengganu,45-49,188
2018,Terengganu,50-54,121
2018,Terengganu,55-59,51
2018,Terengganu,60-64,8
2018,Terengganu,other,6
2018,W.P. Kuala Lumpur,17-24,23120
2018,W.P. Kuala Lumpur,25-29,8419
2018,W.P. Kuala Lumpur,30-34,6624
2018,W.P. Kuala Lumpur,35-39,5557
2018,W.P. Kuala Lumpur,40-44,3659
2018,W.P. Kuala Lumpur,45-49,2300
2018,W.P. Kuala Lumpur,50-54,1307
2018,W.P. Kuala Lumpur,55-59,689
2018,W.P. Kuala Lumpur,60-64,53
2018,W.P. Kuala Lumpur,other,3
2019,Johor,17-24,4894
2019,Johor,25-29,2099
2019,Johor,30-34,1744
2019,Johor,35-39,1670
2019,Johor,40-44,1211
2019,Johor,45-49,840
2019,Johor,50-54,544
2019,Johor,55-59,278
2019,Johor,60-64,39
2019,Johor,other,57
2019,Kedah,17-24,6196
2019,Kedah,25-29,1251
2019,Kedah,30-34,1068
2019,Kedah,35-39,958
2019,Kedah,40-44,692
2019,Kedah,45-49,468
2019,Kedah,50-54,280
2019,Kedah,55-59,151
2019,Kedah,60-64,9
2019,Kedah,other,15
2019,Kelantan,17-24,2472
2019,Kelantan,25-29,464
2019,Kelantan,30-34,420
2019,Kelantan,35-39,396
2019,Kelantan,40-44,318
2019,Kelantan,45-49,203
2019,Kelantan,50-54,137
2019,Kelantan,55-59,67
2019,Kelantan,60-64,6
2019,Kelantan,other,1
2019,Melaka,17-24,4222
2019,Melaka,25-29,1105
2019,Melaka,30-34,878
2019,Melaka,35-39,819
2019,Melaka,40-44,496
2019,Melaka,45-49,327
2019,Melaka,50-54,204
2019,Melaka,55-59,127
2019,Melaka,60-64,12
2019,Melaka,other,21
2019,Negeri Sembilan,17-24,2352
2019,Negeri Sembilan,25-29,695
2019,Negeri Sembilan,30-34,600
2019,Negeri Sembilan,35-39,502
2019,Negeri Sembilan,40-44,389
2019,Negeri Sembilan,45-49,249
2019,Negeri Sembilan,50-54,174
2019,Negeri Sembilan,55-59,94
2019,Negeri Sembilan,60-64,6
2019,Negeri Sembilan,other,10
2019,Pahang,17-24,2874
2019,Pahang,25-29,891
2019,Pahang,30-34,874
2019,Pahang,35-39,869
2019,Pahang,40-44,551
2019,Pahang,45-49,433
2019,Pahang,50-54,315
2019,Pahang,55-59,189
2019,Pahang,60-64,22
2019,Pahang,other,0
2019,Perak,17-24,6288
2019,Perak,25-29,1287
2019,Perak,30-34,1172
2019,Perak,35-39,1086
2019,Perak,40-44,756
2019,Perak,45-49,521
2019,Perak,50-54,348
2019,Perak,55-59,188
2019,Perak,60-64,8
2019,Perak,other,9
2019,Pulau Pinang,17-24,3991
2019,Pulau Pinang,25-29,1698
2019,Pulau Pinang,30-34,1432
2019,Pulau Pinang,35-39,1350
2019,Pulau Pinang,40-44,1022
2019,Pulau Pinang,45-49,693
2019,Pulau Pinang,50-54,355
2019,Pulau Pinang,55-59,166
2019,Pulau Pinang,60-64,4
2019,Pulau Pinang,other,8
2019,Sabah,17-24,3426
2019,Sabah,25-29,2010
2019,Sabah,30-34,1665
2019,Sabah,35-39,1735
2019,Sabah,40-44,1174
2019,Sabah,45-49,873
2019,Sabah,50-54,763
2019,Sabah,55-59,365
2019,Sabah,60-64,48
2019,Sabah,other,13
2019,Sarawak,17-24,3049
2019,Sarawak,25-29,1256
2019,Sarawak,30-34,1122
2019,Sarawak,35-39,1000
2019,Sarawak,40-44,732
2019,Sarawak,45-49,518
2019,Sarawak,50-54,314
2019,Sarawak,55-59,179
2019,Sarawak,60-64,11
2019,Sarawak,other,5
2019,Selangor,17-24,3098
2019,Selangor,25-29,1294
2019,Selangor,30-34,1046
2019,Selangor,35-39,921
2019,Selangor,40-44,652
2019,Selangor,45-49,413
2019,Selangor,50-54,243
2019,Selangor,55-59,103
2019,Selangor,60-64,6
2019,Selangor,other,16
2019,Terengganu,17-24,3681
2019,Terengganu,25-29,565
2019,Terengganu,30-34,415
2019,Terengganu,35-39,405
2019,Terengganu,40-44,222
2019,Terengganu,45-49,173
2019,Terengganu,50-54,101
2019,Terengganu,55-59,52
2019,Terengganu,60-64,9
2019,Terengganu,other,1
2019,W.P. Kuala Lumpur,17-24,24662
2019,W.P. Kuala Lumpur,25-29,8485
2019,W.P. Kuala Lumpur,30-34,6131
2019,W.P. Kuala Lumpur,35-39,5445
2019,W.P. Kuala Lumpur,40-44,3556
2019,W.P. Kuala Lumpur,45-49,2273
2019,W.P. Kuala Lumpur,50-54,1252
2019,W.P. Kuala Lumpur,55-59,646
2019,W.P. Kuala Lumpur,60-64,51
2019,W.P. Kuala Lumpur,other,3
2020,Johor,17-24,3884
2020,Johor,25-29,2037
2020,Johor,30-34,1695
2020,Johor,35-39,1504
2020,Johor,40-44,1119
2020,Johor,45-49,759
2020,Johor,50-54,516
2020,Johor,55-59,276
2020,Johor,60-64,25
2020,Johor,other,2
2020,Kedah,17-24,2139
2020,Kedah,25-29,693
2020,Kedah,30-34,580
2020,Kedah,35-39,498
2020,Kedah,40-44,298
2020,Kedah,45-49,199
2020,Kedah,50-54,129
2020,Kedah,55-59,102
2020,Kedah,60-64,4
2020,Kedah,other,5
2020,Kelantan,17-24,1720
2020,Kelantan,25-29,665
2020,Kelantan,30-34,521
2020,Kelantan,35-39,437
2020,Kelantan,40-44,279
2020,Kelantan,45-49,176
2020,Kelantan,50-54,121
2020,Kelantan,55-59,71
2020,Kelantan,60-64,6
2020,Kelantan,other,2
2020,Melaka,17-24,2702
2020,Melaka,25-29,1135
2020,Melaka,30-34,720
2020,Melaka,35-39,724
2020,Melaka,40-44,485
2020,Melaka,45-49,267
2020,Melaka,50-54,176
2020,Melaka,55-59,108
2020,Melaka,60-64,8
2020,Melaka,other,1
2020,Negeri Sembilan,17-24,1477
2020,Negeri Sembilan,25-29,691
2020,Negeri Sembilan,30-34,547
2020,Negeri Sembilan,35-39,519
2020,Negeri Sembilan,40-44,344
2020,Negeri Sembilan,45-49,229
2020,Negeri Sembilan,50-54,146
2020,Negeri Sembilan,55-59,83
2020,Negeri Sembilan,60-64,2
2020,Negeri Sembilan,other,2
2020,Pahang,17-24,2554
2020,Pahang,25-29,1051
2020,Pahang,30-34,841
2020,Pahang,35-39,807
2020,Pahang,40-44,543
2020,Pahang,45-49,350
2020,Pahang,50-54,231
2020,Pahang,55-59,127
2020,Pahang,60-64,8
2020,Pahang,other,2
2020,Perak,17-24,3463
2020,Perak,25-29,1436
2020,Perak,30-34,1198
2020,Perak,35-39,1084
2020,Perak,40-44,667
2020,Perak,45-49,426
2020,Perak,50-54,386
2020,Perak,55-59,185
2020,Perak,60-64,10
2020,Perak,other,1
2020,Pulau Pinang,17-24,2250
2020,Pulau Pinang,25-29,1274
2020,Pulau Pinang,30-34,1063
2020,Pulau Pinang,35-39,1059
2020,Pulau Pinang,40-44,771
2020,Pulau Pinang,45-49,516
2020,Pulau Pinang,50-54,315
2020,Pulau Pinang,55-59,153
2020,Pulau Pinang,60-64,12
2020,Pulau Pinang,other,1
2020,Sabah,17-24,2605
2020,Sabah,25-29,1591
2020,Sabah,30-34,1560
2020,Sabah,35-39,1430
2020,Sabah,40-44,1011
2020,Sabah,45-49,703
2020,Sabah,50-54,814
2020,Sabah,55-59,231
2020,Sabah,60-64,21
2020,Sabah,other,1
2020,Sarawak,17-24,1994
2020,Sarawak,25-29,1222
2020,Sarawak,30-34,1016
2020,Sarawak,35-39,894
2020,Sarawak,40-44,650
2020,Sarawak,45-49,440
2020,Sarawak,50-54,274
2020,Sarawak,55-59,169
2020,Sarawak,60-64,14
2020,Sarawak,other,3
2020,Selangor,17-24,2336
2020,Selangor,25-29,1218
2020,Selangor,30-34,919
2020,Selangor,35-39,765
2020,Selangor,40-44,509
2020,Selangor,45-49,349
2020,Selangor,50-54,217
2020,Selangor,55-59,76
2020,Selangor,60-64,4
2020,Selangor,other,1
2020,Terengganu,17-24,1989
2020,Terengganu,25-29,732
2020,Terengganu,30-34,499
2020,Terengganu,35-39,509
2020,Terengganu,40-44,350
2020,Terengganu,45-49,218
2020,Terengganu,50-54,93
2020,Terengganu,55-59,72
2020,Terengganu,60-64,4
2020,Terengganu,other,0
2020,W.P. Kuala Lumpur,17-24,12020
2020,W.P. Kuala Lumpur,25-29,6895
2020,W.P. Kuala Lumpur,30-34,4998
2020,W.P. Kuala Lumpur,35-39,4231
2020,W.P. Kuala Lumpur,40-44,2792
2020,W.P. Kuala Lumpur,45-49,1873
2020,W.P. Kuala Lumpur,50-54,1084
2020,W.P. Kuala Lumpur,55-59,549
2020,W.P. Kuala Lumpur,60-64,48
2020,W.P. Kuala Lumpur,other,1
2021,Johor,17-24,2609
2021,Johor,25-29,1788
2021,Johor,30-34,1383
2021,Johor,35-39,1399
2021,Johor,40-44,995
2021,Johor,45-49,618
2021,Johor,50-54,468
2021,Johor,55-59,231
2021,Johor,60-64,24
2021,Johor,other,6
2021,Kedah,17-24,1950
2021,Kedah,25-29,600
2021,Kedah,30-34,515
2021,Kedah,35-39,539
2021,Kedah,40-44,372
2021,Kedah,45-49,260
2021,Kedah,50-54,179
2021,Kedah,55-59,109
2021,Kedah,60-64,11
2021,Kedah,other,0
2021,Kelantan,17-24,1209
2021,Kelantan,25-29,467
2021,Kelantan,30-34,345
2021,Kelantan,35-39,325
2021,Kelantan,40-44,194
2021,Kelantan,45-49,173
2021,Kelantan,50-54,96
2021,Kelantan,55-59,44
2021,Kelantan,60-64,5
2021,Kelantan,other,0
2021,Melaka,17-24,2038
2021,Melaka,25-29,937
2021,Melaka,30-34,660
2021,Melaka,35-39,636
2021,Melaka,40-44,447
2021,Melaka,45-49,313
2021,Melaka,50-54,208
2021,Melaka,55-59,99
2021,Melaka,60-64,6
2021,Melaka,other,0
2021,Negeri Sembilan,17-24,882
2021,Negeri Sembilan,25-29,578
2021,Negeri Sembilan,30-34,442
2021,Negeri Sembilan,35-39,432
2021,Negeri Sembilan,40-44,300
2021,Negeri Sembilan,45-49,161
2021,Negeri Sembilan,50-54,96
2021,Negeri Sembilan,55-59,46
2021,Negeri Sembilan,60-64,5
2021,Negeri Sembilan,other,1
2021,Pahang,17-24,1713
2021,Pahang,25-29,780
2021,Pahang,30-34,640
2021,Pahang,35-39,671
2021,Pahang,40-44,476
2021,Pahang,45-49,274
2021,Pahang,50-54,166
2021,Pahang,55-59,82
2021,Pahang,60-64,6
2021,Pahang,other,0
2021,Perak,17-24,2914
2021,Perak,25-29,1381
2021,Perak,30-34,1057
2021,Perak,35-39,1161
2021,Perak,40-44,697
2021,Perak,45-49,440
2021,Perak,50-54,295
2021,Perak,55-59,179
2021,Perak,60-64,6
2021,Perak,other,0
2021,Pulau Pinang,17-24,1794
2021,Pulau Pinang,25-29,1103
2021,Pulau Pinang,30-34,920
2021,Pulau Pinang,35-39,824
2021,Pulau Pinang,40-44,719
2021,Pulau Pinang,45-49,488
2021,Pulau Pinang,50-54,259
2021,Pulau Pinang,55-59,139
2021,Pulau Pinang,60-64,7
2021,Pulau Pinang,other,2
2021,Sabah,17-24,1739
2021,Sabah,25-29,1292
2021,Sabah,30-34,1042
2021,Sabah,35-39,977
2021,Sabah,40-44,844
2021,Sabah,45-49,532
2021,Sabah,50-54,416
2021,Sabah,55-59,183
2021,Sabah,60-64,21
2021,Sabah,other,4
2021,Sarawak,17-24,1977
2021,Sarawak,25-29,1177
2021,Sarawak,30-34,913
2021,Sarawak,35-39,825
2021,Sarawak,40-44,572
2021,Sarawak,45-49,398
2021,Sarawak,50-54,263
2021,Sarawak,55-59,145
2021,Sarawak,60-64,11
2021,Sarawak,other,1
2021,Selangor,17-24,1283
2021,Selangor,25-29,844
2021,Selangor,30-34,672
2021,Selangor,35-39,595
2021,Selangor,40-44,364
2021,Selangor,45-49,234
2021,Selangor,50-54,180
2021,Selangor,55-59,77
2021,Selangor,60-64,3
2021,Selangor,other,1
2021,Terengganu,17-24,1711
2021,Terengganu,25-29,564
2021,Terengganu,30-34,401
2021,Terengganu,35-39,349
2021,Terengganu,40-44,277
2021,Terengganu,45-49,178
2021,Terengganu,50-54,139
2021,Terengganu,55-59,71
2021,Terengganu,60-64,6
2021,Terengganu,other,1
2021,W.P. Kuala Lumpur,17-24,10288
2021,W.P. Kuala Lumpur,25-29,6439
2021,W.P. Kuala Lumpur,30-34,4519
2021,W.P. Kuala Lumpur,35-39,3922
2021,W.P. Kuala Lumpur,40-44,2745
2021,W.P. Kuala Lumpur,45-49,1612
2021,W.P. Kuala Lumpur,50-54,971
2021,W.P. Kuala Lumpur,55-59,499
2021,W.P. Kuala Lumpur,60-64,31
2021,W.P. Kuala Lumpur,other,0
2022,Johor,17-24,3084
2022,Johor,25-29,1871
2022,Johor,30-34,1462
2022,Johor,35-39,1280
2022,Johor,40-44,1101
2022,Johor,45-49,686
2022,Johor,50-54,543
2022,Johor,55-59,247
2022,Johor,60-64,32
2022,Johor,other,5
2022,Kedah,17-24,3081
2022,Kedah,25-29,469
2022,Kedah,30-34,402
2022,Kedah,35-39,395
2022,Kedah,40-44,324
2022,Kedah,45-49,209
2022,Kedah,50-54,146
2022,Kedah,55-59,69
2022,Kedah,60-64,4
2022,Kedah,other,2
2022,Kelantan,17-24,2035
2022,Kelantan,25-29,532
2022,Kelantan,30-34,399
2022,Kelantan,35-39,421
2022,Kelantan,40-44,335
2022,Kelantan,45-49,259
2022,Kelantan,50-54,154
2022,Kelantan,55-59,94
2022,Kelantan,60-64,9
2022,Kelantan,other,0
2022,Melaka,17-24,3285
2022,Melaka,25-29,996
2022,Melaka,30-34,678
2022,Melaka,35-39,609
2022,Melaka,40-44,472
2022,Melaka,45-49,292
2022,Melaka,50-54,235
2022,Melaka,55-59,134
2022,Melaka,60-64,21
2022,Melaka,other,2
2022,Negeri Sembilan,17-24,1461
2022,Negeri Sembilan,25-29,561
2022,Negeri Sembilan,30-34,411
2022,Negeri Sembilan,35-39,402
2022,Negeri Sembilan,40-44,314
2022,Negeri Sembilan,45-49,181
2022,Negeri Sembilan,50-54,134
2022,Negeri Sembilan,55-59,72
2022,Negeri Sembilan,60-64,4
2022,Negeri Sembilan,other,0
2022,Pahang,17-24,3221
2022,Pahang,25-29,736
2022,Pahang,30-34,663
2022,Pahang,35-39,622
2022,Pahang,40-44,443
2022,Pahang,45-49,277
2022,Pahang,50-54,179
2022,Pahang,55-59,100
2022,Pahang,60-64,12
2022,Pahang,other,1
2022,Perak,17-24,5090
2022,Perak,25-29,1543
2022,Perak,30-34,1067
2022,Perak,35-39,1139
2022,Perak,40-44,785
2022,Perak,45-49,514
2022,Perak,50-54,435
2022,Perak,55-59,215
2022,Perak,60-64,15
2022,Perak,other,0
2022,Pulau Pinang,17-24,2213
2022,Pulau Pinang,25-29,1398
2022,Pulau Pinang,30-34,1097
2022,Pulau Pinang,35-39,987
2022,Pulau Pinang,40-44,773
2022,Pulau Pinang,45-49,490
2022,Pulau Pinang,50-54,354
2022,Pulau Pinang,55-59,175
2022,Pulau Pinang,60-64,4
2022,Pulau Pinang,other,1
2022,Sabah,17-24,2692
2022,Sabah,25-29,1319
2022,Sabah,30-34,1177
2022,Sabah,35-39,1215
2022,Sabah,40-44,944
2022,Sabah,45-49,625
2022,Sabah,50-54,554
2022,Sabah,55-59,241
2022,Sabah,60-64,23
2022,Sabah,other,2
2022,Sarawak,17-24,1991
2022,Sarawak,25-29,1194
2022,Sarawak,30-34,993
2022,Sarawak,35-39,888
2022,Sarawak,40-44,695
2022,Sarawak,45-49,474
2022,Sarawak,50-54,322
2022,Sarawak,55-59,197
2022,Sarawak,60-64,12
2022,Sarawak,other,1
2022,Selangor,17-24,1991
2022,Selangor,25-29,1106
2022,Selangor,30-34,804
2022,Selangor,35-39,730
2022,Selangor,40-44,644
2022,Selangor,45-49,405
2022,Selangor,50-54,274
2022,Selangor,55-59,117
2022,Selangor,60-64,5
2022,Selangor,other,0
2022,Terengganu,17-24,3147
2022,Terengganu,25-29,545
2022,Terengganu,30-34,393
2022,Terengganu,35-39,381
2022,Terengganu,40-44,351
2022,Terengganu,45-49,172
2022,Terengganu,50-54,139
2022,Terengganu,55-59,70
2022,Terengganu,60-64,8
2022,Terengganu,other,0
2022,W.P. Kuala Lumpur,17-24,15896
2022,W.P. Kuala Lumpur,25-29,6682
2022,W.P. Kuala Lumpur,30-34,4862
2022,W.P. Kuala Lumpur,35-39,4286
2022,W.P. Kuala Lumpur,40-44,3432
2022,W.P. Kuala Lumpur,45-49,2283
2022,W.P. Kuala Lumpur,50-54,1394
2022,W.P. Kuala Lumpur,55-59,734
2022,W.P. Kuala Lumpur,60-64,56
2022,W.P. Kuala Lumpur,other,0
2023,Johor,17-24,2689
2023,Johor,25-29,1748
2023,Johor,30-34,1476
2023,Johor,35-39,1307
2023,Johor,40-44,1078
2023,Johor,45-49,725
2023,Johor,50-54,609
2023,Johor,55-59,246
2023,Johor,60-64,23
2023,Johor,other,4
2023,Kedah,17-24,2766
2023,Kedah,25-29,482
2023,Kedah,30-34,378
2023,Kedah,35-39,371
2023,Kedah,40-44,330
2023,Kedah,45-49,188
2023,Kedah,50-54,142
2023,Kedah,55-59,70
2023,Kedah,60-64,1
2023,Kedah,other,1
2023,Kelantan,17-24,2538
2023,Kelantan,25-29,542
2023,Kelantan,30-34,392
2023,Kelantan,35-39,465
2023,Kelantan,40-44,367
2023,Kelantan,45-49,270
2023,Kelantan,50-54,177
2023,Kelantan,55-59,100
2023,Kelantan,60-64,8
2023,Kelantan,other,2
2023,Melaka,17-24,3321
2023,Melaka,25-29,801
2023,Melaka,30-34,588
2023,Melaka,35-39,447
2023,Melaka,40-44,352
2023,Melaka,45-49,258
2023,Melaka,50-54,177
2023,Melaka,55-59,70
2023,Melaka,60-64,8
2023,Melaka,other,0
2023,Negeri Sembilan,17-24,1311
2023,Negeri Sembilan,25-29,515
2023,Negeri Sembilan,30-34,386
2023,Negeri Sembilan,35-39,410
2023,Negeri Sembilan,40-44,312
2023,Negeri Sembilan,45-49,224
2023,Negeri Sembilan,50-54,132
2023,Negeri Sembilan,55-59,83
2023,Negeri Sembilan,60-64,3
2023,Negeri Sembilan,other,0
2023,Pahang,17-24,2804
2023,Pahang,25-29,588
2023,Pahang,30-34,561
2023,Pahang,35-39,631
2023,Pahang,40-44,469
2023,Pahang,45-49,274
2023,Pahang,50-54,193
2023,Pahang,55-59,63
2023,Pahang,60-64,9
2023,Pahang,other,2
2023,Perak,17-24,5005
2023,Perak,25-29,1204
2023,Perak,30-34,815
2023,Perak,35-39,960
2023,Perak,40-44,699
2023,Perak,45-49,473
2023,Perak,50-54,370
2023,Perak,55-59,222
2023,Perak,60-64,13
2023,Perak,other,0
2023,Pulau Pinang,17-24,2346
2023,Pulau Pinang,25-29,1592
2023,Pulau Pinang,30-34,1076
2023,Pulau Pinang,35-39,1005
2023,Pulau Pinang,40-44,748
2023,Pulau Pinang,45-49,528
2023,Pulau Pinang,50-54,382
2023,Pulau Pinang,55-59,163
2023,Pulau Pinang,60-64,7
2023,Pulau Pinang,other,0
2023,Sabah,17-24,2880
2023,Sabah,25-29,1304
2023,Sabah,30-34,1252
2023,Sabah,35-39,1257
2023,Sabah,40-44,1015
2023,Sabah,45-49,670
2023,Sabah,50-54,655
2023,Sabah,55-59,277
2023,Sabah,60-64,25
2023,Sabah,other,5
2023,Sarawak,17-24,1974
2023,Sarawak,25-29,1081
2023,Sarawak,30-34,955
2023,Sarawak,35-39,919
2023,Sarawak,40-44,672
2023,Sarawak,45-49,472
2023,Sarawak,50-54,328
2023,Sarawak,55-59,199
2023,Sarawak,60-64,17
2023,Sarawak,other,1
2023,Selangor,17-24,1948
2023,Selangor,25-29,1201
2023,Selangor,30-34,876
2023,Selangor,35-39,740
2023,Selangor,40-44,620
2023,Selangor,45-49,429
2023,Selangor,50-54,270
2023,Selangor,55-59,129
2023,Selangor,60-64,7
2023,Selangor,other,2
2023,Terengganu,17-24,3536
2023,Terengganu,25-29,606
2023,Terengganu,30-34,412
2023,Terengganu,35-39,381
2023,Terengganu,40-44,322
2023,Terengganu,45-49,188
2023,Terengganu,50-54,110
2023,Terengganu,55-59,58
2023,Terengganu,60-64,6
2023,Terengganu,other,1
2023,W.P. Kuala Lumpur,17-24,16506
2023,W.P. Kuala Lumpur,25-29,6537
2023,W.P. Kuala Lumpur,30-34,4314
2023,W.P. Kuala Lumpur,35-39,3669
2023,W.P. Kuala Lumpur,40-44,3140
2023,W.P. Kuala Lumpur,45-49,2190
2023,W.P. Kuala Lumpur,50-54,1317
2023,W.P. Kuala Lumpur,55-59,659
2023,W.P. Kuala Lumpur,60-64,58
2023,W.P. Kuala Lumpur,other,0
2024,Johor,17-24,2881
2024,Johor,25-29,1689
2024,Johor,30-34,1433
2024,Johor,35-39,1228
2024,Johor,40-44,1074
2024,Johor,45-49,715
2024,Johor,50-54,552
2024,Johor,55-59,333
2024,Johor,60-64,18
2024,Johor,other,2
2024,Kedah,17-24,2495
2024,Kedah,25-29,522
2024,Kedah,30-34,411
2024,Kedah,35-39,431
2024,Kedah,40-44,342
2024,Kedah,45-49,200
2024,Kedah,50-54,134
2024,Kedah,55-59,88
2024,Kedah,60-64,4
2024,Kedah,other,5
2024,Kelantan,17-24,2579
2024,Kelantan,25-29,610
2024,Kelantan,30-34,484
2024,Kelantan,35-39,462
2024,Kelantan,40-44,400
2024,Kelantan,45-49,226
2024,Kelantan,50-54,146
2024,Kelantan,55-59,110
2024,Kelantan,60-64,14
2024,Kelantan,other,0
2024,Melaka,17-24,2808
2024,Melaka,25-29,803
2024,Melaka,30-34,561
2024,Melaka,35-39,505
2024,Melaka,40-44,446
2024,Melaka,45-49,255
2024,Melaka,50-54,165
2024,Melaka,55-59,100
2024,Melaka,60-64,15
2024,Melaka,other,0
2024,Negeri Sembilan,17-24,1538
2024,Negeri Sembilan,25-29,604
2024,Negeri Sembilan,30-34,417
2024,Negeri Sembilan,35-39,418
2024,Negeri Sembilan,40-44,304
2024,Negeri Sembilan,45-49,189
2024,Negeri Sembilan,50-54,113
2024,Negeri Sembilan,55-59,60
2024,Negeri Sembilan,60-64,3
2024,Negeri Sembilan,other,0
2024,Pahang,17-24,2742
2024,Pahang,25-29,689
2024,Pahang,30-34,606
2024,Pahang,35-39,607
2024,Pahang,40-44,490
2024,Pahang,45-49,298
2024,Pahang,50-54,187
2024,Pahang,55-59,80
2024,Pahang,60-64,11
2024,Pahang,other,1
2024,Perak,17-24,4139
2024,Perak,25-29,1258
2024,Perak,30-34,978
2024,Perak,35-39,850
2024,Perak,40-44,789
2024,Perak,45-49,475
2024,Perak,50-54,324
2024,Perak,55-59,188
2024,Perak,60-64,10
2024,Perak,other,0
2024,Pulau Pinang,17-24,2304
2024,Pulau Pinang,25-29,1533
2024,Pulau Pinang,30-34,1077
2024,Pulau Pinang,35-39,911
2024,Pulau Pinang,40-44,766
2024,Pulau Pinang,45-49,546
2024,Pulau Pinang,50-54,355
2024,Pulau Pinang,55-59,153
2024,Pulau Pinang,60-64,8
2024,Pulau Pinang,other,0
2024,Sabah,17-24,2603
2024,Sabah,25-29,1347
2024,Sabah,30-34,1269
2024,Sabah,35-39,1206
2024,Sabah,40-44,964
2024,Sabah,45-49,606
2024,Sabah,50-54,492
2024,Sabah,55-59,275
2024,Sabah,60-64,24
2024,Sabah,other,1
2024,Sarawak,17-24,1711
2024,Sarawak,25-29,995
2024,Sarawak,30-34,963
2024,Sarawak,35-39,776
2024,Sarawak,40-44,628
2024,Sarawak,45-49,484
2024,Sarawak,50-54,339
2024,Sarawak,55-59,182
2024,Sarawak,60-64,19
2024,Sarawak,other,0
2024,Selangor,17-24,1991
2024,Selangor,25-29,1317
2024,Selangor,30-34,1013
2024,Selangor,35-39,817
2024,Selangor,40-44,655
2024,Selangor,45-49,445
2024,Selangor,50-54,285
2024,Selangor,55-59,156
2024,Selangor,60-64,5
2024,Selangor,other,1
2024,Terengganu,17-24,3171
2024,Terengganu,25-29,549
2024,Terengganu,30-34,439
2024,Terengganu,35-39,422
2024,Terengganu,40-44,342
2024,Terengganu,45-49,236
2024,Terengganu,50-54,127
2024,Terengganu,55-59,66
2024,Terengganu,60-64,8
2024,Terengganu,other,0
2024,W.P. Kuala Lumpur,17-24,13880
2024,W.P. Kuala Lumpur,25-29,6321
2024,W.P. Kuala Lumpur,30-34,4530
2024,W.P. Kuala Lumpur,35-39,3738
2024,W.P. Kuala Lumpur,40-44,3046
2024,W.P. Kuala Lumpur,45-49,2066
2024,W.P. Kuala Lumpur,50-54,1274
2024,W.P. Kuala Lumpur,55-59,684
2024,W.P. Kuala Lumpur,60-64,50
2024,W.P. Kuala Lumpur,other,1
